{"files":{"home.html":{"frameworks":["pg.insight.events","pg.asset.manager","pg.project.items","pg.image.overlay","pg.code-validator","bs4","pg.html","pg.components"],"last_page_width":1024},"company.html":{"frameworks":["pg.insight.events","pg.image.overlay","pg.code-validator","pg.project.items","pg.asset.manager","bs4","pg.html","pg.components"],"last_page_width":1024},"product.html":{"frameworks":["pg.insight.events","pg.image.overlay","pg.code-validator","pg.project.items","pg.asset.manager","bs4","pg.html","pg.components"],"last_page_width":1024}},"breakpoints":["40.0625em","64.0625em","90.0625em","120.0625em","6249999.9375em"],"frameworks":["pg.insight.events","pg.image.overlay","pg.code-validator","pg.project.items","pg.asset.manager","bs4","pg.html","pg.components"]}